EmployeeID,EmployeeName
E001,Aisha Khan
E002,Daniel Park
E003,Sofia Martinez
E004,Michael Brown
E005,Chen Li
E006,Rachel O'Neill
E007,Arjun Mehta
E008,Olivia Rossi
E009,Lucas Silva
E010,Maya Patel
E011,Noah Williams
E012,Emma Johansson
E013,Samuel Kim
E014,Fatima Al-Masri
E015,Ethan Green
E016,Isabella Garcia
E017,Mateo Fernandez
E018,Chloe Nguyen
E019,Oliver Thompson
E020,Sarah Ibrahim
E021,Jacob Müller
E022,Nora Silva
E023,Daniela Costa
E024,William Harris
E025,Lina Berg
E026,Alexey Ivanov
E027,Hannah Lee
E028,Aditya Rao
E029,Maria Fernandez
E030,Peter Novak
E031,Zoe Adams
E032,Noelle Dupont
E033,Liam O'Connor
E034,Yuki Tanaka
E035,Hassan Jafari
E036,Elena Petrova
E037,Omar Aziz
E038,Sara Brown
E039,Victor Gomez
E040,Aleksandra Nowak
E041,Tyler Brooks
E042,Priya Sen
E043,Jacob Rossi
E044,Lola Mensah
E045,Marcus Schmidt
E046,Ella Dimitrova
E047,Diego Alvarez
E048,Keiko Sato
E049,Brandon King
E050,Amira Hassan